ID,negative_FullText,neutral_FullText,positive_FullText,negative_CustomerText,neutral_CustomerText,positive_CustomerText,summed_negative,summed_neutral,summed_positive,sentiment_FullText,sentiment_CustomerText,summed_sentiment,,OpenAI_Sentiment,OpenAI_Outcome,,Positive,Neutral,Negative,,Resolved,Followup
0,0.5431260541081429,0.34935684005419415,0.2741838240375121,0.30177441394577426,0.24598586683471999,0.6189063688119253,0.8449004680539172,0.5953427068889141,0.8930901928494375,negative,positive,positive,,Positive  ,Followup needed,,116,2,82,,2,7
1,0.7347313165664673,0.20912909507751465,0.22280615599205097,0.6111348178237677,0.1653121088941892,0.3902196964869897,1.345866134390235,0.3744412039717039,0.6130258524790406,negative,negative,negative,,Negative  ,Followup needed,,,,,,,
2,0.41618318234880763,0.38278794785340625,0.36769557061294716,0.3217562170078357,0.3874304989973704,0.45747992520531017,0.7379393993566433,0.7702184468507767,0.8251754958182573,negative,positive,negative,,Neutral  ,Followup needed,,,,,,,
3,0.8094285850723585,0.24255354205767313,0.11468449902410309,0.9615673099954923,0.1142205260694027,0.090878819,1.7709958950678508,0.3567740681270758,0.20556331786792725,negative,negative,negative,,Negative  ,Followup needed,,,,,,,
4,0.21157451843221983,0.22378676508863768,0.7313053968052069,0.3134390066067378,0.389510915,0.46371672737101716,0.5250135250389576,0.6132976797719797,1.195022124176224,positive,positive,positive,,Positive  ,Issue resolved,,,,,,,
5,0.24654227836678425,0.36893832435210544,0.5511860872308413,0.21192915085703135,0.3661088099082311,0.5886286770304044,0.45847142922381556,0.7350471342603365,1.1398147642612457,positive,positive,positive,,Positive  ,Followup needed,,,,,,,
6,0.4475388452410698,0.32381079842646915,0.39531707142790157,0.5857900554935137,0.3740403652191162,0.20683621832480034,1.0333289007345834,0.6978511636455853,0.6021532897527019,positive,negative,negative,,Positive  ,Issue resolved,,,,,,,
7,0.33214404433965683,0.4126117527484894,0.4219109167655309,0.28654964951177436,0.5989435315132141,0.28117348556406796,0.6186936938514311,1.0115552842617035,0.7030844023295988,positive,positive,positive,,Neutral  ,Followup needed,,,,,,,
8,0.3947926349937916,0.4946617583433787,0.27721228171139956,0.25074293922322494,0.6033716301123301,0.31255208638807136,0.6455355742170166,1.0980333884557087,0.5897643680994709,positive,positive,positive,,Neutral  ,Followup needed,,,,,,,
9,0.426607729,0.3340727041165034,0.405986328,0.6242459813753763,0.3753008618950844,0.16711982494841018,1.0508537106215954,0.7093735660115879,0.5731061529368162,negative,neutral,negative,,Neutral  ,Followup needed  ,,,,,,,
10,0.21568196639418602,0.15147577598690987,0.7995089516043663,0.39732185502847034,0.22200859834750494,0.5473362455765406,0.6130038214226563,0.37348437433441484,1.3468451971809068,positive,positive,positive,,,,,,,,,,
11,0.40347579680383205,0.25455300509929657,0.5086378864943981,0.6489503880341848,0.39143821100393933,0.12627813251068196,1.052426184838017,0.645991216,0.6349160190050801,positive,positive,positive,,,,,,,,,,
12,0.6664609362681707,0.2321297638118267,0.26807599266370136,0.6629153291384379,0.26146866877873737,0.24228264639774957,1.3293762654066086,0.4935984325905641,0.510358639,negative,positive,positive,,,,,,,,,,
13,0.5920881181955338,0.31540217995643616,0.2591763787592451,0.5416946808497111,0.3939305792252223,0.23104147830357155,1.1337827990452447,0.7093327591816585,0.4902178570628166,negative,negative,negative,,,,,,,,,,
14,0.7560489674409231,0.2879890948534012,0.12262859257558982,0.8442438989877701,0.2657966415087382,0.056626046425662935,1.6002928664286933,0.5537857363621395,0.17925463900125277,negative,negative,negative,,,,,,,,,,
15,0.47581638147433597,0.2469919721285502,0.4438583279649417,0.5307250445087751,0.20202426612377167,0.43391736845175427,1.0065414259831111,0.44901623825232184,0.877775696,negative,negative,negative,,,,,,,,,,
16,0.4841766261185209,0.15418519203861555,0.5283048699299494,0.7037527908881506,0.2189932664235433,0.2439205355864639,1.1879294170066714,0.37317845846215886,0.7722254055164133,negative,negative,negative,,,,,,,,,,
17,0.3470540284179151,0.18958653509616852,0.6300260649683574,0.6839919959505399,0.341129204,0.14154553469658518,1.0310460243684552,0.5307157387336094,0.7715715996649426,negative,negative,negative,,,,,,,,,,
18,0.5137971981118122,0.19679596895972887,0.45607351294408244,0.5251789030929407,0.1467168958236774,0.49477083802533645,1.038976101204753,0.34351286478340626,0.9508443509694189,negative,negative,negative,,,,,,,,,,
19,0.2471713169167439,0.39426260193188983,0.5252327769994736,0.15935212249557176,0.31035977105299634,0.6969547476619482,0.40652343941231567,0.7046223729848862,1.2221875246614218,positive,positive,positive,,,,,,,,,,
20,0.37637660776575405,0.26260016672313213,0.5276898574084044,0.6099149783452352,0.2911471277475357,0.265604497,0.9862915861109893,0.5537472944706678,0.7932943540314834,positive,negative,positive,,,,,,,,,,
21,0.3207793105393648,0.4154721995194753,0.43041516095399857,0.3064773961280783,0.3281904881199201,0.5319988013555607,0.627256707,0.7436626876393954,0.9624139623095592,negative,positive,neutral,,,,,,,,,,
22,0.4403419094160199,0.33275329569975537,0.3935714786251386,0.36581482194984954,0.2958106075723966,0.5050412469233075,0.8061567313658695,0.628563903,0.8986127255484462,positive,positive,positive,,,,,,,,,,
23,0.48724931478500366,0.21504762396216393,0.4643696993589401,0.5095777943109473,0.27556132276852924,0.3815275946011146,0.996827109,0.49060894673069316,0.8458972939600546,negative,positive,positive,,,,,,,,,,
24,0.15727139512697855,0.1718480077882608,0.8375472873449326,0.18103249,0.2746473749478658,0.7109867508212725,0.33830388526742655,0.44649538273612654,1.548534038166205,positive,positive,positive,,,,,,,,,,
25,0.5129435658454895,0.28573497633139294,0.36798809344569844,0.20972728672980642,0.3020435703607897,0.6548958631853262,0.722670853,0.5877785466921827,1.0228839566310246,negative,positive,positive,,,,,,,,,,
26,0.28453876450657845,0.27803446849187213,0.6040934361517429,0.2974214336524407,0.48438821732997894,0.38485701382160187,0.5819601981590192,0.762422686,0.9889504499733448,positive,positive,positive,,,,,,,,,,
27,0.3277822795013587,0.33157699306805927,0.5073073493937651,0.33337231539189816,0.22851138189435005,0.6047829364736875,0.6611545948932569,0.5600883749624093,1.1120902858674526,negative,positive,negative,,,,,,,,,,
28,0.14997237548232079,0.17645059898495674,0.840243695,0.3390667047351599,0.23820151388645172,0.5893984412153562,0.48903908021748066,0.41465211287140846,1.4296421358982723,positive,positive,positive,,,,,,,,,,
29,0.6361505190531412,0.20188567539056143,0.3286304833988349,0.5719624434908231,0.12177883212765057,0.47292538546025753,1.2081129625439644,0.323664508,0.8015558688590925,negative,negative,negative,,,,,,,,,,
30,0.7619285583496094,0.2573852191368739,0.14735293295234442,0.9278885473807653,0.19141333798567453,0.047364793,1.6898171057303748,0.44879855712254846,0.19471772632095963,negative,negative,negative,,,,,,,,,,
31,0.4544258962074916,0.33549819389979046,0.3767425628999869,0.2888682596385479,0.434117133,0.44368121524651843,0.7432941558460395,0.7696153273185095,0.8204237781465054,negative,positive,negative,,,,,,,,,,
32,0.5417438534398874,0.37264394760131836,0.2522788892189662,0.600623952,0.4457509865363439,0.12029165712495644,1.1423678050438564,0.8183949341376622,0.3725705463439226,negative,negative,negative,,,,,,,,,,
33,0.5280962909261385,0.2712577283382416,0.36731271011133987,0.4886328373104334,0.35599837203820545,0.32203548153241474,1.0167291282365718,0.6272561,0.6893481916437546,negative,negative,negative,,,,,,,,,,
34,0.49538275599479675,0.3138779451449712,0.35740594441692036,0.13639489794149995,0.33382410804430646,0.6964476654926935,0.6317776539362967,0.6477020531892776,1.0538536099096139,positive,positive,positive,,,,,,,,,,
35,0.3356585099051396,0.31329041967789334,0.5177177290121714,0.31367503696431714,0.2818908741076787,0.5711007807403803,0.6493335468694568,0.595181294,1.0888185097525516,negative,neutral,negative,,,,,,,,,,
36,0.5703347784777483,0.2228630892932415,0.3734688175221284,0.4633023577431838,0.27604198704163235,0.42732222471386194,1.033637136220932,0.49890507633487385,0.8007910422359903,negative,positive,negative,,,,,,,,,,
37,0.48977906815707684,0.34584535161654156,0.3310422087088227,0.3711217325180769,0.31454408665498096,0.4810008192434907,0.8609008006751537,0.6603894382715225,0.8120430279523134,positive,positive,positive,,,,,,,,,,
38,0.3028027390440305,0.3465652788678805,0.5172986512382826,0.22863114469995102,0.3157515823841095,0.622283916,0.5314338837439815,0.6623168612519901,1.1395825669169426,positive,positive,positive,,,,,,,,,,
39,0.4275089302100241,0.17824910767376423,0.560908598,0.2967970287427306,0.24241847544908524,0.6274511764446894,0.7243059589527547,0.42066758312284946,1.1883597740282614,negative,positive,positive,,,,,,,,,,
40,0.6138659939169884,0.2677222440640132,0.28507842558125657,0.3225457575172186,0.24009228746096292,0.6040285807102919,0.936411751,0.5078145315249761,0.8891070062915485,positive,positive,positive,,,,,,,,,,
41,0.432623688,0.24545330305894217,0.4885897183169921,0.3323831098775069,0.3057093570629756,0.5285742270449797,0.7650067976986369,0.5511626601219177,1.0171639453619719,negative,positive,positive,,,,,,,,,,
42,0.2677779532968998,0.4663625905911128,0.4325261351962884,0.27922294444094103,0.5562542180220286,0.3311895135169228,0.5470008977378409,1.0226168086131413,0.7637156487132112,positive,positive,positive,,,,,,,,,,
43,0.70441064,0.2603004028399785,0.20195558667182922,0.45352652855217457,0.3156256005167961,0.3975145071744919,1.1579371684541306,0.5759260033567746,0.5994700938463211,negative,negative,negative,,,,,,,,,,
44,0.45922355726361275,0.3613511770963669,0.34609198042502004,0.6083474196493626,0.3912786493698756,0.16704059019684792,1.0675709769129753,0.7526298264662425,0.5131325706218679,negative,negative,negative,,,,,,,,,,
45,0.41730619842807454,0.2528701424598694,0.4964902823170026,0.3531438254285604,0.2421670208374659,0.5713558464000622,0.770450024,0.49503716329733527,1.0678461287170649,negative,positive,negative,,,,,,,,,,
46,0.25859034682313603,0.3294288416703542,0.5786474744478861,0.30798800972600776,0.5674738983313242,0.2912047216668725,0.5665783565491438,0.8969027400016785,0.8698521961147586,positive,positive,positive,,,,,,,,,,
47,0.20441885416706404,0.2705582231283188,0.6916896253824234,0.2034417986869812,0.33591380529105663,0.62731099,0.40786065285404527,0.6064720284193754,1.3190006154278913,positive,positive,positive,,,,,,,,,,
48,0.35798529783884686,0.1639938528339068,0.6446875333786011,0.15479682510097822,0.2279717636605104,0.7838980232675871,0.5127821229398251,0.3919656164944172,1.4285855566461882,positive,positive,positive,,,,,,,,,,
49,0.5342556263009707,0.35731029013792676,0.27510073377440375,0.37239411535362404,0.43396804730097455,0.36030448352297145,0.9066497416545947,0.7912783374389013,0.6354052172973752,negative,negative,negative,,,,,,,,,,
50,0.5148688654104868,0.483976091,0.16782178062324724,0.2439605393446982,0.47854719559351605,0.4441589166720708,0.758829405,0.962523287,0.611980697,negative,positive,positive,,,,,,,,,,
51,0.4617311159769694,0.2595050632953644,0.44543053458134335,0.22858741611707956,0.23249885439872742,0.7055803822974364,0.690318532,0.4920039176940918,1.1510109168787797,positive,positive,positive,,,,,,,,,,
52,0.1170834827547272,0.1719777099788189,0.8776054779688517,0.24743826763005927,0.17804159821632007,0.7411868274211884,0.36452175038478646,0.35001930819513893,1.618792305,positive,positive,positive,,,,,,,,,,
53,0.4597545663515727,0.1552678868174553,0.5516442017008861,0.8224864602088928,0.2268062805136045,0.11737387487664819,1.2822410265604656,0.3820741673310598,0.6690180765775343,negative,negative,negative,,,,,,,,,,
54,0.30519920649627846,0.34805921216805774,0.5134082560737928,0.37383612773070735,0.2206872800985972,0.5721432069937388,0.6790353342269858,0.568746492,1.0855514630675316,positive,positive,positive,,,,,,,,,,
55,0.7430221810936928,0.22584497928619385,0.19779950131972632,0.4500282198811571,0.27752943833669025,0.439108928,1.193050401,0.503374418,0.6369084293643633,negative,negative,negative,,,,,,,,,,
56,0.34977701244254905,0.4436067193746567,0.37328297800074023,0.30903545022010803,0.40039004385471344,0.45724114775657654,0.658812463,0.8439967632293701,0.8305241257573168,negative,positive,positive,,,,,,,,,,
57,0.37622918250660103,0.26323936010400456,0.527198107,0.41723409853875637,0.17273692041635513,0.5766956601291895,0.7934632810453575,0.4359762805203597,1.1038937668005624,positive,negative,negative,,,,,,,,,,
58,0.30817025403181714,0.1774344133834044,0.6810619682073593,0.4643705238898595,0.3389477878808975,0.3633483573794365,0.7725407779216766,0.5163822012643019,1.0444103255867958,positive,positive,positive,,,,,,,,,,
59,0.3674346599727869,0.4487049827973048,0.3505270481109619,0.3850299837067723,0.2486623302102089,0.5329744070768356,0.7524646436795592,0.6973673130075138,0.8835014551877975,positive,positive,positive,,,,,,,,,,
60,0.5040270375708739,0.25177355855703354,0.4108660438408454,0.2366055161692202,0.2694892690827449,0.6605719346553087,0.7406325537400941,0.5212628276397784,1.071437978496154,negative,positive,negative,,,,,,,,,,
61,0.46479233851035434,0.3251910259326299,0.3766833121577899,0.2533071581274271,0.3101431056857109,0.6032163997491201,0.7180994966377814,0.6353341316183407,0.9798997119069099,negative,positive,negative,,,,,,,,,,
62,0.42276165323952836,0.2976807082692782,0.44622431322932243,0.5504684249560038,0.27756847192843753,0.3386298169692357,0.9732300781955321,0.5752491801977158,0.7848541301985581,positive,positive,positive,,,,,,,,,,
63,0.547145459,0.3061131040255229,0.31340810221930343,0.7810747163991133,0.35736357420682907,0.028228418823952477,1.3282201755791903,0.663476678,0.3416365210432559,negative,negative,negative,,,,,,,,,,
64,0.4282159246504307,0.26589803646008175,0.4725527049352725,0.26563795811186236,0.15595524633924165,0.7450734401742617,0.6938538827622931,0.42185328279932344,1.2176261451095343,negative,positive,positive,,,,,,,,,,
65,0.5168122686445713,0.3992302268743515,0.25062419412036735,0.3500526137650013,0.3901837666829427,0.4264303234716256,0.8668648824095726,0.7894139935572941,0.677054518,negative,positive,positive,,,,,,,,,,
66,0.2791999587789178,0.2544080751637618,0.6330585988859335,0.39575349912047386,0.43645358085632324,0.33445952149728936,0.6749534578993917,0.6908616560200851,0.9675181203832228,negative,positive,positive,,,,,,,,,,
67,0.44639769693215686,0.22065745728711286,0.4996114745736122,0.6694806180894375,0.17435250182946524,0.3228335455836107,1.1158783150215943,0.3950099591165781,0.8224450201572229,positive,negative,negative,,,,,,,,,,
68,0.6894416262706121,0.17006437728802362,0.3071606606245041,0.5548636776705583,0.19967826207478842,0.412124624,1.2443053039411704,0.36974263936281204,0.719285284,negative,negative,negative,,,,,,,,,,
69,0.8588969161113104,0.20128431419531503,0.10648544722547133,0.7496396663288275,0.32263629138469696,0.094390689,1.6085365824401379,0.523920606,0.20087613572832197,negative,negative,negative,,,,,,,,,,
70,0.9778204411268234,0.14856674894690514,0.040279556,0.8684917042652766,0.2600948562224706,0.038080075,1.8463121453920999,0.4086616051693757,0.078359631,negative,negative,negative,,,,,,,,,,
71,0.302401594,0.1333020937939485,0.7309630090991656,0.41910804947838187,0.1804992432395617,0.5670593669638038,0.7215096430542569,0.3138013370335102,1.2980223760629692,positive,positive,positive,,,,,,,,,,
72,0.20513223359982172,0.2956123935679595,0.6659220556418101,0.5253499833246073,0.2232093314329783,0.4181073767443498,0.7304822169244289,0.5188217250009378,1.084029432,positive,positive,positive,,,,,,,,,,
73,0.6225953549146652,0.23720473051071167,0.30686660297214985,0.33632325908790034,0.20238319536050162,0.6279602075616518,0.9589186140025656,0.4395879258712133,0.9348268105338017,negative,positive,positive,,,,,,,,,,
74,0.14272407093085349,0.17141416855156422,0.8525284553567568,0.14635501997933412,0.2007214630333086,0.8195901562770208,0.2890790909101876,0.37213563158487284,1.6721186116337776,positive,positive,positive,,,,,,,,,,
75,0.2785358428955078,0.32811353355646133,0.5600172554453214,0.17974344113220772,0.2767185904085636,0.7102046447495619,0.45827928402771556,0.604832124,1.2702219001948833,positive,positive,positive,,,,,,,,,,
76,0.27437104284763336,0.2825401859978835,0.6097555036346117,0.15385644106815258,0.23849533249934515,0.7743148903052012,0.4282274839157859,0.5210355184972286,1.384070393939813,positive,positive,positive,,,,,,,,,,
77,0.713494544,0.2872447520494461,0.1659273790816466,0.6567839334408442,0.3861936529477437,0.12368904519826174,1.3702784776687622,0.6734384049971898,0.2896164242799083,negative,negative,negative,,,,,,,,,,
78,0.5432562765975794,0.2726961448788643,0.35071419086307287,0.5339994405706724,0.5047614276409149,0.12790579597155252,1.0772557171682517,0.7774575725197792,0.47861998683462537,negative,negative,negative,,,,,,,,,,
79,0.40972504392266273,0.22650646915038428,0.5304351480056843,0.5154505850126346,0.39154855410257977,0.25966749154031277,0.9251756289352974,0.618055023,0.79010264,negative,positive,negative,,,,,,,,,,
80,0.671431415,0.3034849415222804,0.1917503165702025,0.6762008840839068,0.4274182816346486,0.063047466,1.3476322988669076,0.730903223,0.25479778255491203,negative,negative,negative,,,,,,,,,,
81,0.45368219787875813,0.15382112128039202,0.5591633934527636,0.3924692527701457,0.26641548921664554,0.5077819420645634,0.8461514506489038,0.42023661049703753,1.0669453355173268,positive,positive,positive,,,,,,,,,,
82,0.5264378522212306,0.1460514763991038,0.49417735015352565,0.32022747583687305,0.1818001170953115,0.6646390967071056,0.8466653280581037,0.3278515934944153,1.1588164468606312,negative,positive,positive,,,,,,,,,,
83,0.16361056671788296,0.1942297170559565,0.8088263695438703,0.3430221142868201,0.3503859043121338,0.47325865427652997,0.506632681,0.5446156213680903,1.2820850238204002,positive,positive,positive,,,,,,,,,,
84,0.4670615494251251,0.25967102497816086,0.439934059,0.45525056930879754,0.23546684781710306,0.4759492731342713,0.9223121187339227,0.4951378727952639,0.9158833318700393,negative,negative,negative,,,,,,,,,,
85,0.573816106,0.3056715726852417,0.28717896714806557,0.6109804250299931,0.37821366389592487,0.1774725957463185,1.184796530753374,0.6838852365811665,0.46465156289438403,negative,negative,negative,,,,,,,,,,
86,0.5399435038367907,0.2894108444452286,0.33731231714288396,0.1964382374038299,0.2674876352151235,0.7027407598992189,0.7363817412406206,0.55689848,1.0400530770421028,positive,positive,positive,,,,,,,,,,
87,0.5825984589755535,0.27194537222385406,0.31212283050020534,0.5343466425935427,0.2887893368800481,0.3435306766380866,1.116945101569096,0.5607347091039021,0.655653507,negative,negative,negative,,,,,,,,,,
88,0.615076502,0.2379540652036667,0.3136360651503007,0.421496765,0.1927042913933595,0.5524656474590302,1.036573267231385,0.4306583565970262,0.8661017126093309,negative,negative,negative,,,,,,,,,,
89,0.3770798246065776,0.43664611379305523,0.35294082139929134,0.32084405204902094,0.4678593873977661,0.37796327223380405,0.6979238766555985,0.9045055011908214,0.7309040936330954,negative,neutral,negative,,,,,,,,,,
90,0.1363882732888063,0.2513094072540601,0.7789689699808756,0.28700785525143147,0.23932580649852753,0.6403330465157827,0.4233961285402378,0.4906352137525876,1.4193020164966583,positive,positive,positive,,,,,,,,,,
91,0.276547955,0.22620276858409247,0.6639159520467123,0.2707589827477932,0.17468957851330438,0.7212180867791176,0.5473069374759991,0.40089234709739685,1.385134039,positive,positive,positive,,,,,,,,,,
92,0.5795092011491457,0.20419515669345856,0.38296224797765416,0.3440112251167496,0.14633161822954813,0.6763238459825516,0.9235204262658954,0.35052677492300666,1.0592860939602058,positive,positive,positive,,,,,,,,,,
93,0.19284626437971988,0.1913611808170875,0.7824592168132464,0.18018536424885193,0.14877203976114592,0.8377092679341634,0.3730316286285718,0.3401332205782334,1.6201684847474098,positive,positive,positive,,,,,,,,,,
94,0.3833633102476597,0.2676912657916546,0.5156121092538039,0.4041021466255188,0.4180908997853597,0.344473689,0.7874654568731785,0.6857821655770142,0.8600857978065808,positive,positive,positive,,,,,,,,,,
95,0.3946704901754856,0.23086815575758615,0.5411279778927565,0.7432508220275243,0.2228506381313006,0.20056525097849467,1.137921312,0.45371879388888675,0.7416932288712511,negative,negative,negative,,,,,,,,,,
96,0.5665724792828163,0.2696429193019867,0.3304512746011217,0.3610281579506894,0.33651795486609143,0.46912061298886937,0.9276006372335057,0.6061608741680782,0.7995718875899911,negative,positive,positive,,,,,,,,,,
97,0.6293084273735682,0.29360972841580707,0.24374846865733465,0.5018274014194807,0.3813406353195508,0.2834985988835494,1.1311358287930489,0.6749503637353579,0.527247068,negative,negative,negative,,,,,,,,,,
98,0.6930611779292425,0.23679173986117044,0.23681379606326422,0.4720375444740057,0.3555580253402392,0.3390710602204005,1.1650987224032483,0.5923497652014097,0.5758848562836647,negative,positive,positive,,,,,,,,,,
99,0.2517016977071762,0.2970058073600133,0.6179591392477354,0.20492227965344986,0.2702431244154771,0.6915012697378794,0.4566239773606261,0.5672489317754904,1.3094604089856148,positive,positive,positive,,,,,,,,,,
100,0.5335732785363992,0.25639596829811734,0.3766974502553542,0.5368813786190003,0.073894306,0.5558909755200148,1.0704546571553997,0.33029027469456196,0.9325884257753689,negative,positive,negative,,,,,,,,,,
101,0.3008080143481493,0.2616867994268735,0.6041718572378159,0.24845836280534664,0.17937672262390456,0.7388316045204798,0.5492663771534959,0.44106352205077803,1.3430034617582955,positive,positive,positive,,,,,,,,,,
102,0.5495811849832535,0.3946794221798579,0.22240602783858776,0.5950150738159815,0.25857368608315784,0.3130779005587101,1.1445962587992349,0.6532531082630157,0.5354839283972979,negative,negative,negative,,,,,,,,,,
103,0.46128524964054424,0.2997884750366211,0.40559284885724384,0.33019526846085984,0.25052718942364055,0.5859442511573434,0.7914805181014041,0.5503156644602616,0.9915371000145872,negative,positive,positive,,,,,,,,,,
104,0.5074678721527258,0.38001618285973865,0.27918259302775067,0.25984862151866156,0.2567144129425287,0.6501036696135998,0.7673164936713874,0.6367305958022673,0.9292862626413505,negative,positive,positive,,,,,,,,,,
105,0.8118439316749573,0.22226174920797348,0.1325610103085637,0.8039167871077856,0.27934369444847107,0.083406203,1.615760718782743,0.5016054436564445,0.2159672137349844,negative,negative,negative,,,,,,,,,,
106,0.43745604529976845,0.19271820721526942,0.5364924209813277,0.5426749189694723,0.23862447837988535,0.3853672289599975,0.9801309642692407,0.43134268559515476,0.9218596499413252,positive,positive,positive,,,,,,,,,,
107,0.2213313952088356,0.25238488738735515,0.6929503406087557,0.5513071690996488,0.29074404885371524,0.32461545678476494,0.7726385643084844,0.5431289362410704,1.0175657973935206,positive,positive,positive,,,,,,,,,,
108,0.6502234290043513,0.288009117,0.228434137,0.8504304277400175,0.18938273703679442,0.12685349703921625,1.5006538567443688,0.4773918540837864,0.35528763379746425,negative,negative,negative,,,,,,,,,,
109,0.40711458151539165,0.28779953718185425,0.47175258956849575,0.3913063860187928,0.2967263913402955,0.47863393276929855,0.7984209675341845,0.5845259285221498,0.9503865223377943,positive,negative,positive,,,,,,,,,,
110,0.5347221791744232,0.30012041081984836,0.3318240136529009,0.43855010842283565,0.5173844223221143,0.2107321210205555,0.9732722875972588,0.8175048331419628,0.5425561346734564,negative,negative,negative,,,,,,,,,,
111,0.7588681677977244,0.2859598398208618,0.12183861838032801,0.9591804991165797,0.16138742491602898,0.046098821718866624,1.718048666914304,0.4473472647368908,0.16793744009919465,negative,negative,negative,,,,,,,,,,
112,0.26022844404603046,0.21435481992860636,0.692083478,0.23879286016259962,0.2131077361603578,0.7147660454114279,0.4990213042086301,0.42746255608896416,1.406849523385366,positive,positive,positive,,,,,,,,,,
113,0.9281270503997803,0.17575089757641157,0.062788738,1.0030013161400955,0.11926261816794674,0.044402783658976354,1.9311283665398757,0.2950135157443583,0.10719152116992822,negative,negative,negative,,,,,,,,,,
114,0.20876698630551496,0.2006421759724617,0.7572574888666471,0.2801334575439493,0.22720425141354403,0.6593289139370123,0.4889004438494643,0.42784642738600576,1.4165864028036594,positive,positive,positive,,,,,,,,,,
115,0.34624866318578523,0.21584097916881242,0.6045769788324833,0.41026079348133254,0.19062891602516174,0.5657769242922465,0.7565094566671178,0.40646989519397414,1.1703539031247296,positive,positive,positive,,,,,,,,,,
116,0.5452482203642527,0.3143451362848282,0.30707335968812305,0.4235893491034706,0.20384018123149872,0.5392371602356434,0.9688375694677234,0.5181853175163269,0.8463105199237664,positive,positive,positive,,,,,,,,,,
117,0.25969016676147777,0.20726161325971285,0.6997148965795835,0.4809734374284744,0.30751660962899524,0.3781766373043259,0.7406636041899521,0.5147782228887081,1.0778915338839095,positive,positive,positive,,,,,,,,,,
118,0.2867305486773451,0.32598835850755375,0.5539477203662196,0.4281751364469528,0.5048263768355051,0.23366512823849916,0.7149056851242979,0.8308147353430588,0.7876128486047188,positive,positive,positive,,,,,,,,,,
119,0.448049655,0.3294508308172226,0.3891661452750365,0.7927818819880486,0.2906858945886294,0.083198863,1.2408315365513165,0.6201367254058521,0.4723650082014501,negative,negative,negative,,,,,,,,,,
120,0.2777754223595063,0.287423109,0.601468138,0.35193381054947775,0.275195949,0.5395369107524554,0.6297092329089841,0.5626190577944119,1.1410050491491952,negative,positive,positive,,,,,,,,,,
121,0.5069701882700125,0.3719860911369324,0.2877103667706251,0.4084325401733319,0.3044046312570572,0.4538295567035675,0.9154027284433444,0.6763907223939896,0.7415399234741926,negative,positive,negative,,,,,,,,,,
122,0.3352080856760343,0.27791592727104825,0.5535426611701647,0.438384835,0.4747769882281621,0.25350484407196444,0.7735929203530152,0.7526929154992104,0.8070475052421291,positive,positive,positive,,,,,,,,,,
123,0.17581191441665092,0.19013277379175028,0.8007220029830933,0.18662759941071272,0.13727183329562345,0.8427672137816747,0.3624395138273636,0.32740460708737373,1.6434892167647681,positive,positive,positive,,,,,,,,,,
124,0.16855363516757885,0.17578084394335747,0.8223321884870529,0.26092440526311594,0.3467440977692604,0.5589981786906719,0.4294780404306948,0.5225249417126179,1.3813303671777248,positive,positive,positive,,,,,,,,,,
125,0.7225709358851115,0.3199523662527402,0.12414341761420171,0.47948362429936725,0.4939718395471573,0.19321120219926038,1.2020545601844788,0.8139242057998974,0.3173546198134621,negative,negative,negative,,,,,,,,,,
126,0.1427236433761815,0.18621324747800827,0.8377297768990198,0.136185842,0.11002542202671368,0.9204553713401159,0.2789094851662715,0.29623866950472194,1.7581851482391357,positive,positive,positive,,,,,,,,,,
127,0.5871303280194601,0.23890160769224167,0.3406347902491689,0.4245233951757352,0.35894832263390225,0.3831949292992552,1.0116537231951952,0.59784993,0.72382972,negative,negative,negative,,,,,,,,,,
128,0.49620368517935276,0.21496911346912384,0.45549385249614716,0.4351143774886926,0.23448551197846731,0.49706673497955006,0.9313180626680453,0.4494546254475912,0.9525605874756973,negative,negative,negative,,,,,,,,,,
129,0.7514429638783137,0.3112746501962344,0.10394904917726915,0.7747439593076706,0.29026005913813907,0.10166267270687968,1.5261869231859841,0.6015347093343735,0.20561172188414883,negative,negative,negative,,,,,,,,,,
130,0.3972886949777603,0.27511846274137497,0.49425948907931644,0.30029871586399776,0.23634707989792028,0.6300208736211061,0.6975874108417581,0.5114655426392952,1.1242803627004225,negative,positive,positive,,,,,,,,,,
131,0.45234066620469093,0.3567955841620763,0.35753039239595336,0.32763133260111016,0.26344626148541767,0.5755890955527624,0.7799719988058011,0.620241846,0.9331194879487157,negative,positive,positive,,,,,,,,,,
132,0.3271596288929383,0.31567683815956116,0.5238301977515221,0.4003250412642956,0.33713893592357635,0.4292026720941067,0.72748467,0.6528157740831375,0.9530328698456287,positive,positive,positive,,,,,,,,,,
133,0.4376338664442301,0.17004356036583582,0.5589892516533533,0.38175087173779804,0.24523388097683588,0.5396819066566726,0.8193847381820281,0.4152774413426717,1.098671158310026,negative,positive,positive,,,,,,,,,,
134,0.5031611941133937,0.22809894134600958,0.4354065357086559,0.5184248592704535,0.3856859803199768,0.26255582358377677,1.0215860533838472,0.6137849216659864,0.6979623592924327,negative,negative,negative,,,,,,,,,,
135,0.5993135037521521,0.3059643308321635,0.26138882463177043,0.38704660907387733,0.23377597332000732,0.5458440780639648,0.9863601128260294,0.5397403041521709,0.8072329026957352,negative,negative,negative,,,,,,,,,,
136,0.534865982,0.32439348598321277,0.30740720964968204,0.32857415700952214,0.2008140633503596,0.6372784165044626,0.8634401385982831,0.5252075493335724,0.9446856261541446,negative,positive,positive,,,,,,,,,,
137,0.5128253499666849,0.2893059154351552,0.3645353640119235,0.33715372004856664,0.38767029841740924,0.4418426069120566,0.8499790700152516,0.6769762138525645,0.8063779709239801,positive,positive,positive,,,,,,,,,,
138,0.24576271325349808,0.2739230766892433,0.646980899,0.2302077,0.2926361759503682,0.6438228065768877,0.47597041307017207,0.5665592526396115,1.2908037056525548,positive,positive,positive,,,,,,,,,,
139,0.395995549,0.19005631345013776,0.5806147791445255,0.47159382080038387,0.3587164084116618,0.336356529,0.8675893694162369,0.5487727218617996,0.9169713084896405,positive,positive,positive,,,,,,,,,,
140,0.4532438243428866,0.2589074944456418,0.45451540996630985,0.23074409117301306,0.39121554295221966,0.544707024,0.6839879155158997,0.6501230373978615,0.9992224338153999,positive,positive,positive,,,,,,,,,,
141,0.5743608033905426,0.13511791825294495,0.45718799127886695,0.5350841848800579,0.17059950778881708,0.46098295288781327,1.1094449882706006,0.305717426,0.9181709441666802,positive,positive,positive,,,,,,,,,,
142,0.23454644236092767,0.1748691579947869,0.7572510739167532,0.24596652598120272,0.13254035698870817,0.7881597975889841,0.4805129683421304,0.30740951498349506,1.5454108715057373,positive,positive,positive,,,,,,,,,,
143,0.5974501520395279,0.32629523674647015,0.24292127725978693,0.5994235922892889,0.34133363763491315,0.22590944916009903,1.1968737443288169,0.6676288743813833,0.468830726,negative,negative,negative,,,,,,,,,,
144,0.3522411601928373,0.2176108912875255,0.5968146243443092,0.500159042,0.2501089572906494,0.4163986708347996,0.8524002024593453,0.46771984857817495,1.0132132951791089,negative,positive,negative,,,,,,,,,,
145,0.4562431871891022,0.38287534813086194,0.32754809331769746,0.5053792974601189,0.45637289186318714,0.20491447610159716,0.9616224846492211,0.8392482399940491,0.5324625694192946,positive,negative,positive,,,,,,,,,,
146,0.7518538335959116,0.21748895943164825,0.19732383638620377,0.6174841572841009,0.3315466692050298,0.21763587898264328,1.3693379908800125,0.549035629,0.414959715,negative,negative,negative,,,,,,,,,,
147,0.607551958,0.16812109326322874,0.39099359811128426,0.9445009827613831,0.19831239680449167,0.023853375217489276,1.552052941173315,0.3664334900677204,0.4148469733287735,negative,negative,negative,,,,,,,,,,
148,0.4642103910446167,0.24108333264787993,0.4613729678094387,0.520742254,0.33133889238039654,0.31458547711372375,0.9849526453763247,0.5724222250282764,0.7759584449231625,negative,negative,negative,,,,,,,,,,
149,0.5780626026292642,0.39698004225889844,0.19162408324579397,0.6521737103660902,0.41055570791165036,0.10393718513660133,1.2302363129953544,0.8075357501705488,0.29556126838239527,negative,negative,negative,,,,,,,,,,
150,0.4059045575559139,0.13845287263393402,0.6223092178503672,0.23721558895582953,0.08151193,0.8479391311605772,0.6431201465117434,0.21996480226516724,1.4702483490109444,positive,positive,positive,,,,,,,,,,
151,0.3650526727239291,0.35572727024555206,0.4458867398401101,0.2644135784357786,0.4753870318333308,0.42686606136461097,0.6294662511597078,0.8311143020788829,0.8727528012047211,negative,positive,positive,,,,,,,,,,
152,0.49195242797334987,0.4034798741340637,0.2712343397239844,0.5256519907464584,0.4232771396636963,0.21773750862727562,1.0176044187198083,0.826757014,0.48897184835126006,negative,negative,negative,,,,,,,,,,
153,0.1982168077568834,0.22478889549771944,0.743660976,0.18479613210850707,0.11510522291064262,0.8667653078834215,0.3830129398653905,0.33989411840836203,1.6104262843728065,positive,positive,positive,,,,,,,,,,
154,0.4814152307808399,0.22112756967544556,0.46412387304008007,0.46115633596976596,0.3860169326265653,0.31949340365827084,0.9425715667506058,0.6071445023020108,0.7836172766983509,positive,positive,positive,,,,,,,,,,
155,0.36293465613077086,0.2542792707681656,0.5494527158637842,0.6450508634249369,0.29177048802375793,0.22984532111634812,1.0079855195557077,0.5460497587919235,0.7792980369801323,negative,negative,negative,,,,,,,,,,
156,0.7624355256557465,0.252801351,0.15142977486054102,0.35014119,0.20461010560393333,0.6119154331584772,1.1125767153377335,0.4574114568531513,0.7633452080190182,negative,negative,negative,,,,,,,,,,
157,0.1762420212229093,0.18767391269405684,0.8027506495515505,0.1615946770956119,0.23492948710918427,0.7701424931486448,0.3378366983185212,0.42260339980324113,1.5728931427001953,positive,positive,positive,,,,,,,,,,
158,0.4750974513590336,0.3081650485595067,0.3834042213857174,0.24251531405995289,0.22853751480579376,0.6956138623257478,0.7176127654189864,0.5367025633653004,1.0790180837114653,negative,positive,positive,,,,,,,,,,
159,0.2910546384130915,0.280701607,0.5949104279279709,0.25653314621498186,0.3453197777271271,0.5648137566943964,0.5475877846280733,0.6260213851928711,1.1597241846223674,negative,positive,positive,,,,,,,,,,
160,0.738367498,0.29233843584855396,0.13596073351800442,0.7489402753611406,0.34160373111565906,0.076122621,1.4873077732821307,0.633942167,0.21208335443710286,negative,negative,negative,,,,,,,,,,
161,0.26420727620522183,0.3083522543311119,0.5941070939103762,0.5517453029751778,0.3760165472825368,0.23890476922194162,0.8159525791803997,0.6843688016136487,0.8330118631323178,positive,neutral,positive,,,,,,,,,,
162,0.4184404307355483,0.16488134488463402,0.583344896,0.6086971834301949,0.295857514,0.26211197550098103,1.0271376141657431,0.460738859,0.845456872,positive,positive,positive,,,,,,,,,,
163,0.3604140232006709,0.31988275547822315,0.48636988922953606,0.27556372138982016,0.12076650559902191,0.7703364106516043,0.6359777445904911,0.44064926107724506,1.2567062998811402,positive,positive,positive,,,,,,,,,,
164,0.2534908854092161,0.12978232093155384,0.7833934252460798,0.44127469944457215,0.20359506706396738,0.5217968535919985,0.6947655848537883,0.3333773879955212,1.3051902788380783,positive,positive,positive,,,,,,,,,,
165,0.3458567125101884,0.4122575471798579,0.40855241815249127,0.2696298522253831,0.2553563863039017,0.641680434,0.6154865647355715,0.6676139334837596,1.0502328524986904,positive,positive,positive,,,,,,,,,,
166,0.5215999751041333,0.319016899,0.326049796,0.5055935444931189,0.33996327718098956,0.3211098064978917,1.0271935195972521,0.6589801758527756,0.6471596024930477,positive,positive,positive,,,,,,,,,,
167,0.6989162017901739,0.2851373354593913,0.18261305894702673,0.8190931677818298,0.22727414717276892,0.12029935116879642,1.5180093695720038,0.5124114826321602,0.30291241011582315,negative,negative,negative,,,,,,,,,,
168,0.7308140695095062,0.266396701,0.16945594735443592,0.4004104236761729,0.28170792758464813,0.4845483011255662,1.1312244931856792,0.5481046289205551,0.6540042484800022,negative,negative,negative,,,,,,,,,,
169,0.4569974560290575,0.25304968903462094,0.4566194949050744,0.40913608600385487,0.2131429302195708,0.5443877043823401,0.8661335420329124,0.46619261925419175,1.0010071992874146,negative,positive,positive,,,,,,,,,,
170,0.5402817949652672,0.28979751964410144,0.33658727817237377,0.5602340226372083,0.4406658361355464,0.16576681658625603,1.1005158176024756,0.7304633557796478,0.5023540947586298,negative,negative,negative,,,,,,,,,,
171,0.5064510976274809,0.3551224172115326,0.30509312885502976,0.6390648856759071,0.31923166414101917,0.2083701641919712,1.145515983303388,0.6743540813525517,0.513463293,negative,negative,negative,,,,,,,,,,
172,0.3089590569337209,0.2553037578860919,0.6024038617809614,0.1731893035272757,0.27680571377277374,0.7166716083884239,0.48214836046099663,0.5321094716588657,1.3190754701693854,positive,positive,positive,,,,,,,,,,
173,0.3498325049877167,0.3441546509663264,0.4726794896026452,0.5513297021389008,0.4164101928472519,0.19892685456822315,0.9011622071266174,0.7605648438135784,0.6716063441708684,positive,negative,negative,,,,,,,,,,
174,0.3314256863668561,0.21103939910729727,0.6242015783985456,0.4106826987117529,0.20634788647294044,0.5496360783775648,0.742108385,0.41738728558023774,1.1738376567761104,positive,negative,positive,,,,,,,,,,
175,0.3674589525908232,0.22158279890815416,0.5776248915741841,0.5071613366405169,0.4306327799956004,0.2288726062203447,0.874620289,0.6522155789037546,0.8064974977945287,negative,positive,positive,,,,,,,,,,
176,0.3287275843322277,0.342817763,0.4951213176051776,0.30174549265454215,0.096822182,0.7680989876389503,0.6304730769867699,0.43963994582494104,1.263220305244128,positive,positive,positive,,,,,,,,,,
177,0.2810637479027112,0.17036698882778487,0.7152359212438265,0.3821304130057494,0.16980332881212234,0.6147329037388166,0.6631941609084606,0.34017031763990724,1.3299688249826431,positive,positive,positive,,,,,,,,,,
178,0.13286056897292534,0.2308698513855537,0.8029362584153811,0.068746673,0.17828536623468003,0.9196345992386341,0.20160724191615978,0.4091552176202337,1.722570857654015,positive,positive,positive,,,,,,,,,,
179,0.5475545252362887,0.32111339271068573,0.29799872760971385,0.3231552845487992,0.18555893873174986,0.6579524700840315,0.8707098097850878,0.5066723314424356,0.9559511976937454,positive,positive,positive,,,,,,,,,,
180,0.4362285103028019,0.23034167289733887,0.5000964505597949,0.699472003,0.32747848083575565,0.13971617414305607,1.135700512987872,0.5578201537330945,0.6398126247028509,negative,negative,negative,,,,,,,,,,
181,0.314798176,0.3472936600446701,0.5045748576521873,0.139725164,0.1774879110356172,0.8494535833597183,0.45452333955715096,0.5247815710802873,1.3540284410119057,positive,positive,positive,,,,,,,,,,
182,0.4455710252126058,0.3804212485750516,0.34067440902193385,0.2828935013773541,0.37736645340919495,0.5064067480464777,0.7284645265899599,0.7577877019842465,0.8470811570684116,negative,positive,positive,,,,,,,,,,
183,0.6750245330234369,0.1315093090136846,0.36013282525042695,0.7705641786257426,0.15775958821177483,0.23834289144724607,1.4455887116491795,0.28926889722545945,0.5984757166976731,negative,negative,negative,,,,,,,,,,
184,0.5187942137320837,0.2948252856731415,0.3530471834043662,0.33329434987778467,0.201691506,0.631680836,0.8520885636098683,0.4965167914827665,0.9847280196845531,negative,negative,negative,,,,,,,,,,
185,0.33383308071643114,0.40443608661492664,0.428397545,0.2737279993792375,0.19145473589499792,0.7014839053153992,0.6075610800956686,0.5958908225099245,1.1298814502855141,positive,positive,positive,,,,,,,,,,
186,0.11909216518203418,0.27040191693231463,0.7771725443502268,0.11609702052858968,0.11863477,0.9319348608454069,0.23518918571062386,0.38903668662533164,1.7091074051956336,positive,positive,positive,,,,,,,,,,
187,0.4432897524287303,0.16132976238926253,0.562047116,0.7431011299292246,0.22182038178046545,0.2017451295008262,1.186390882357955,0.383150144,0.7637922459592422,positive,positive,positive,,,,,,,,,,
188,0.521976096,0.22006713350613913,0.42462347572048503,0.24719163154562315,0.17607676734526953,0.7433982516328493,0.7691677274803321,0.39614390085140866,1.1680217273533344,negative,positive,positive,,,,,,,,,,
189,0.31383182605107623,0.3190273816386859,0.5338074751198292,0.3118805019184947,0.4164084494113922,0.43837774141381186,0.6257123279695709,0.7354358310500781,0.9721852165336411,negative,neutral,neutral,,,,,,,,,,
190,0.6153662701447805,0.3328362355629603,0.21846414481600127,0.3577344020207723,0.23247003555297852,0.5764622514446577,0.9731006721655528,0.5653062711159389,0.794926396,negative,negative,negative,,,,,,,,,,
191,0.5737341741720835,0.30265070994695026,0.29028180055320263,0.6385349351912737,0.3692643990119298,0.15886729319269458,1.212269109363357,0.6719151089588801,0.4491490937458972,negative,negative,negative,,,,,,,,,,
192,0.48701194301247597,0.248768983,0.4308857334156831,0.47111864387989044,0.3833899646997452,0.3121580146253109,0.9581305868923664,0.6321589474876722,0.7430437480409939,negative,negative,negative,,,,,,,,,,
193,0.7017515723903974,0.24983790020147958,0.2150771620993813,0.5617785796833535,0.2914909745256106,0.31339715762684744,1.263530152073751,0.5413288747270902,0.5284743197262287,negative,negative,negative,,,,,,,,,,
194,0.4811660076181094,0.31422355,0.3712770914038022,0.5196760625888904,0.3672017554442088,0.27978888154029846,1.0008420702069998,0.6814253057042758,0.6510659729441006,negative,positive,positive,,,,,,,,,,
195,0.5664050951600075,0.2510395248730977,0.34922201558947563,0.6207976378500462,0.3406650324662526,0.2052040216512978,1.1872027330100536,0.5917045573393503,0.5544260372407734,negative,negative,negative,,,,,,,,,,
196,0.3918952979147434,0.4850252370039622,0.2897461319031815,0.44211016471187276,0.4257439325253169,0.29881258960813284,0.8340054626266162,0.9107691695292791,0.5885587215113144,positive,positive,positive,,,,,,,,,,
197,0.3364722542464733,0.35791119436422986,0.4722831795612971,0.39968400200208026,0.47555925448735553,0.2914234021057685,0.7361562562485535,0.8334704488515854,0.7637065816670656,positive,positive,positive,,,,,,,,,,
198,0.5185278467833996,0.18776996433734894,0.4603688679635525,0.42380305131276447,0.16905500863989195,0.573808574,0.942330898,0.3568249729772409,1.0341774423917136,negative,positive,positive,,,,,,,,,,
199,0.3925262127692501,0.25683528184890747,0.5173052111640573,0.3425669160981973,0.245533666,0.5785660427063704,0.7350931288674474,0.5023689481119314,1.0958712538704276,positive,positive,positive,,,,,,,,,,
